epoch,loss,grad_norm,learning_rate,step,eval_loss,eval_rouge/rouge1,eval_rouge/rouge2,eval_rouge/rougeL,eval_rouge/rougeLsum,eval_bertscore/bertscore-precision,eval_bertscore/bertscore-recall,eval_bertscore/bertscore-f1,eval_meteor,eval_gen_len,eval_runtime,eval_samples_per_second,eval_steps_per_second,train_runtime,train_samples_per_second,train_steps_per_second,total_flos,train_loss
1,0.3901,3.287841320037842,0.00025,218,6.583339691162109,0.2377,0.0309,0.193,0.1932,0.8496,0.853,0.8512,0.2159,45,30.634,3.591,0.457,0.0,0.0,0.0,0,0.0
2,0.3274,2.3468191623687744,0.00019999999999999998,436,6.558265686035156,0.2439,0.0504,0.2065,0.2067,0.8544,0.8581,0.8562,0.229,45,31.7952,3.46,0.44,0.0,0.0,0.0,0,0.0
3,0.3098,3.0637612342834473,0.00015091743119266055,654,6.929381370544434,0.2613,0.0803,0.214,0.2142,0.8711,0.8469,0.8588,0.2102,25,28.6124,3.844,0.489,0.0,0.0,0.0,0,0.0
4,0.2625,1.271998643875122,0.00010091743119266054,872,7.022289276123047,0.3008,0.0767,0.229,0.2292,0.858,0.8674,0.8626,0.2167,41,28.2885,3.889,0.495,0.0,0.0,0.0,0,0.0
5,0.2379,1.135282039642334,5.091743119266055e-05,1090,7.227598667144775,0.3035,0.072,0.2428,0.2429,0.8724,0.8571,0.8646,0.2108,29,29.393,3.742,0.476,0.0,0.0,0.0,0,0.0
6,0.2168,0.7654207944869995,9.174311926605503e-07,1962,7.389840602874756,0.3035,0.072,0.2428,0.2429,0.8724,0.8571,0.8646,0.2108,29,31.2392,3.521,0.448,719.3602,7.231,0.909,3645239240122368,0.2907557006275982
