epoch,loss,grad_norm,learning_rate,step,eval_loss,eval_rouge/rouge1,eval_rouge/rouge2,eval_rouge/rougeL,eval_rouge/rougeLsum,eval_bertscore/bertscore-precision,eval_bertscore/bertscore-recall,eval_bertscore/bertscore-f1,eval_meteor,eval_gen_len,eval_runtime,eval_samples_per_second,eval_steps_per_second,train_runtime,train_samples_per_second,train_steps_per_second,total_flos,train_loss
1,0.2033,2.240764856338501,2.501152073732719e-06,868,7.5937628746032715,0.3097,0.0856,0.2463,0.2464,0.8589,0.8656,0.8622,0.2246,36,45.3897,2.423,1.212,0.0,0.0,0.0,0,0.0
2,0.2002,1.4073255062103271,2.001152073732719e-06,1736,7.659335136413574,0.3097,0.0856,0.2463,0.2464,0.8589,0.8656,0.8622,0.2246,36,45.281,2.429,1.215,0.0,0.0,0.0,0,0.0
3,0.1987,1.2971104383468628,1.5011520737327189e-06,2604,7.689959526062012,0.3097,0.0856,0.2463,0.2464,0.8589,0.8656,0.8622,0.2246,36,45.231,2.432,1.216,0.0,0.0,0.0,0,0.0
4,0.1973,1.368892788887024,1.0011520737327188e-06,3472,7.723391532897949,0.3097,0.0856,0.2463,0.2464,0.8589,0.8656,0.8622,0.2246,36,38.4081,2.864,1.432,0.0,0.0,0.0,0,0.0
5,0.1975,2.3168399333953857,5.011520737327189e-07,4340,7.738821506500244,0.3097,0.0856,0.2463,0.2464,0.8589,0.8656,0.8622,0.2246,36,38.9652,2.823,1.412,0.0,0.0,0.0,0,0.0
6,0.2146,2.1245195865631104,2.304147465437788e-09,7812,7.737656116485596,0.3097,0.0856,0.2463,0.2464,0.8589,0.8656,0.8622,0.2246,36,38.6327,2.847,1.424,931.3313,5.586,2.796,2956438013300736,0.20194085878527476
