epoch,loss,grad_norm,learning_rate,step,eval_loss,eval_rouge/rouge1,eval_rouge/rouge2,eval_rouge/rougeL,eval_rouge/rougeLsum,eval_bertscore/bertscore-precision,eval_bertscore/bertscore-recall,eval_bertscore/bertscore-f1,eval_meteor,eval_gen_len,eval_runtime,eval_samples_per_second,eval_steps_per_second,train_runtime,train_samples_per_second,train_steps_per_second,total_flos,train_loss
1,0.3155,15.817167282104492,2.501152073732719e-05,868,3.373910903930664,0.4558,0.2015,0.3841,0.385,0.8962,0.8906,0.8932,0.3968,35.90909090909091,47.3686,2.322,1.161,0.0,0.0,0.0,0,0.0
2,0.2742,20.171554565429688,2.0023041474654377e-05,1736,3.5008721351623535,0.4531,0.2016,0.3861,0.3868,0.8936,0.8911,0.8922,0.4003,38.61818181818182,50.4342,2.181,1.091,0.0,0.0,0.0,0,0.0
3,0.1883,10.428180694580078,1.5023041474654379e-05,2604,3.6094822883605957,0.4524,0.1947,0.3764,0.377,0.8894,0.8909,0.89,0.4041,39.40909090909091,49.7783,2.21,1.105,0.0,0.0,0.0,0,0.0
4,0.1264,7.161942481994629,1.0023041474654378e-05,3472,3.7825677394866943,0.4669,0.21,0.3903,0.3916,0.8943,0.8923,0.8932,0.4157,38.10909090909091,49.3735,2.228,1.114,0.0,0.0,0.0,0,0.0
5,0.0881,5.05997896194458,5.023041474654378e-06,4340,3.9269235134124756,0.4721,0.2207,0.4002,0.4016,0.8964,0.8922,0.8942,0.4208,36.60909090909091,46.6511,2.358,1.179,0.0,0.0,0.0,0,0.0
6,0.0653,6.102294445037842,2.304147465437788e-08,7812,3.9437596797943115,0.4735,0.2234,0.403,0.404,0.8966,0.8935,0.8949,0.4307,37.11818181818182,47.2774,2.327,1.163,966.9043,5.38,2.693,2956438013300736,0.17629321123231576
