epoch,loss,grad_norm,learning_rate,step,eval_loss,eval_rouge/rouge1,eval_rouge/rouge2,eval_rouge/rougeL,eval_rouge/rougeLsum,eval_bertscore/bertscore-precision,eval_bertscore/bertscore-recall,eval_bertscore/bertscore-f1,eval_meteor,eval_gen_len,eval_runtime,eval_samples_per_second,eval_steps_per_second,train_runtime,train_samples_per_second,train_steps_per_second,total_flos,train_loss
1,0.1809,1.2215079069137573,2.5e-06,218,7.765838146209717,0.3097,0.0856,0.2463,0.2464,0.8589,0.8656,0.8622,0.2246,36,26.1713,4.203,0.535,0.0,0.0,0.0,0,0.0
2,0.1825,0.9788888692855835,2e-06,436,7.789092540740967,0.2722,0.0714,0.2029,0.2031,0.8612,0.8618,0.8615,0.2582,44,30.2124,3.641,0.463,0.0,0.0,0.0,0,0.0
3,0.1822,1.1001590490341187,1.5e-06,654,7.802974700927734,0.3097,0.0856,0.2463,0.2464,0.8589,0.8656,0.8622,0.2246,36,26.1088,4.213,0.536,0.0,0.0,0.0,0,0.0
4,0.1807,1.2980926036834717,1e-06,872,7.814247131347656,0.2722,0.0714,0.2029,0.2031,0.8612,0.8618,0.8615,0.2582,44,30.1245,3.652,0.465,0.0,0.0,0.0,0,0.0
5,0.2002,1.2265002727508545,5e-07,1090,7.814512729644775,0.2722,0.0714,0.2029,0.2031,0.8612,0.8618,0.8615,0.2582,44,29.9951,3.667,0.467,0.0,0.0,0.0,0,0.0
6,0.2047,0.8531206846237183,0.0,1962,7.812088966369629,0.2722,0.0714,0.2029,0.2031,0.8612,0.8618,0.8615,0.2582,44,30.1176,3.652,0.465,711.8162,7.308,0.919,3645239240122368,0.18851999696970714
