epoch,loss,grad_norm,learning_rate,step,eval_loss,eval_rouge/rouge1,eval_rouge/rouge2,eval_rouge/rougeL,eval_rouge/rougeLsum,eval_bertscore/bertscore-precision,eval_bertscore/bertscore-recall,eval_bertscore/bertscore-f1,eval_meteor,eval_gen_len,eval_runtime,eval_samples_per_second,eval_steps_per_second,train_runtime,train_samples_per_second,train_steps_per_second,total_flos,train_loss
1,0.2442,1.1369993686676025,2.5e-06,434,7.179627895355225,0.2722,0.0714,0.2029,0.2031,0.8612,0.8618,0.8615,0.2582,44,34.0728,3.228,0.822,0.0,0.0,0.0,0,0.0
2,0.2514,2.2578365802764893,2.0023041474654376e-06,868,7.246984004974365,0.2722,0.0714,0.2029,0.2031,0.8612,0.8618,0.8615,0.2582,44,34.134,3.223,0.82,0.0,0.0,0.0,0,0.0
3,0.2226,0.978410542011261,1.502304147465438e-06,1302,7.29532527923584,0.2722,0.0714,0.2029,0.2031,0.8612,0.8618,0.8615,0.2582,44,37.8043,2.91,0.741,0.0,0.0,0.0,0,0.0
4,0.2207,1.173020839691162,1.0023041474654379e-06,1736,7.334236145019531,0.2722,0.0714,0.2029,0.2031,0.8612,0.8618,0.8615,0.2582,44,37.8375,2.907,0.74,0.0,0.0,0.0,0,0.0
5,0.2177,0.9806102514266968,5.023041474654378e-07,2170,7.358788967132568,0.2722,0.0714,0.2029,0.2031,0.8612,0.8618,0.8615,0.2582,44,37.8439,2.907,0.74,0.0,0.0,0.0,0,0.0
6,0.2176,0.8636303544044495,2.304147465437788e-09,3906,7.366580963134766,0.2722,0.0714,0.2029,0.2031,0.8612,0.8618,0.8615,0.2582,44,37.9488,2.899,0.738,799.4445,6.507,1.629,3329634477563904,0.22905771633447042
