epoch,loss,grad_norm,learning_rate,step,eval_loss,eval_rouge/rouge1,eval_rouge/rouge2,eval_rouge/rougeL,eval_rouge/rougeLsum,eval_bertscore/bertscore-precision,eval_bertscore/bertscore-recall,eval_bertscore/bertscore-f1,eval_meteor,eval_gen_len,eval_runtime,eval_samples_per_second,eval_steps_per_second,train_runtime,train_samples_per_second,train_steps_per_second,total_flos,train_loss
1,2.1377,6.007100582122803,0.00025069124423963133,434,3.921994924545288,0.3283,0.1009,0.2612,0.2612,0.8785,0.8638,0.871,0.2695,33,29.5408,3.724,0.948,0.0,0.0,0.0,0,0.0
2,3.3219,6.003139495849609,0.00020069124423963133,868,3.7522683143615723,0.2756,0.0805,0.2368,0.237,0.8845,0.8545,0.8692,0.2111,25,26.8934,4.09,1.041,0.0,0.0,0.0,0,0.0
3,2.115,7.3551926612854,0.00015069124423963134,1302,4.078309535980225,0.282,0.0747,0.2116,0.2118,0.8663,0.8623,0.8642,0.2582,41,40.4679,2.718,0.692,0.0,0.0,0.0,0,0.0
4,1.1461,6.955343246459961,0.00010069124423963133,1736,4.87951135635376,0.251,0.0501,0.21,0.2102,0.8497,0.8506,0.8501,0.2025,37,45.9376,2.395,0.61,0.0,0.0,0.0,0,0.0
5,0.6272,6.629706859588623,5.0691244239631334e-05,2170,5.80942964553833,0.2811,0.0751,0.229,0.2293,0.8628,0.8693,0.866,0.2058,44,34.3813,3.199,0.814,0.0,0.0,0.0,0,0.0
6,0.3841,3.636446237564087,6.912442396313363e-07,3906,6.3423027992248535,0.2439,0.0504,0.2065,0.2067,0.8544,0.8581,0.8562,0.229,46,36.375,3.024,0.77,791.8162,6.57,1.644,3329634477563904,1.6220214421847998
