epoch,loss,grad_norm,learning_rate,step,eval_loss,eval_rouge/rouge1,eval_rouge/rouge2,eval_rouge/rougeL,eval_rouge/rougeLsum,eval_bertscore/bertscore-precision,eval_bertscore/bertscore-recall,eval_bertscore/bertscore-f1,eval_meteor,eval_gen_len,eval_runtime,eval_samples_per_second,eval_steps_per_second,train_runtime,train_samples_per_second,train_steps_per_second,total_flos,train_loss
1,0.1721,4.530421733856201,2.5e-05,218,3.576115846633911,0.4573,0.2036,0.3842,0.3851,0.8952,0.8917,0.8933,0.405,36.972727272727276,35.9355,3.061,0.39,0.0,0.0,0.0,0,0.0
2,0.1505,5.075070858001709,1.9999999999999998e-05,436,3.572369337081909,0.45,0.1979,0.3854,0.3855,0.8956,0.8912,0.8933,0.3964,36.32727272727273,37.2783,2.951,0.376,0.0,0.0,0.0,0,0.0
3,0.1132,2.9007785320281982,1.5e-05,654,3.725114583969116,0.4535,0.2052,0.385,0.3867,0.8955,0.8917,0.8934,0.4043,37.42727272727273,36.6382,3.002,0.382,0.0,0.0,0.0,0,0.0
4,0.0881,2.889603614807129,9.999999999999999e-06,872,3.8461079597473145,0.4676,0.2097,0.397,0.3983,0.8967,0.8917,0.8941,0.4047,35.70909090909091,35.7474,3.077,0.392,0.0,0.0,0.0,0,0.0
5,0.0734,2.513686180114746,4.9999999999999996e-06,1090,3.8384909629821777,0.458,0.21,0.3905,0.3919,0.8939,0.8927,0.8931,0.4105,38.018181818181816,36.4524,3.018,0.384,0.0,0.0,0.0,0,0.0
6,0.0612,2.053701639175415,0.0,1962,3.8980419635772705,0.462,0.2198,0.4014,0.4029,0.8957,0.8926,0.894,0.4124,37.372727272727275,36.1749,3.041,0.387,757.8148,6.864,0.863,3645239240122368,0.10976314471766854
