epoch,loss,grad_norm,learning_rate,step,eval_loss,eval_rouge/rouge1,eval_rouge/rouge2,eval_rouge/rougeL,eval_rouge/rougeLsum,eval_bertscore/bertscore-precision,eval_bertscore/bertscore-recall,eval_bertscore/bertscore-f1,eval_meteor,eval_gen_len,eval_runtime,eval_samples_per_second,eval_steps_per_second,train_runtime,train_samples_per_second,train_steps_per_second,total_flos,train_loss
1,2.3602,8.523614883422852,2.5046082949308755e-05,434,2.080606698989868,0.4443,0.2067,0.3739,0.3745,0.8966,0.8891,0.8927,0.3937,38.236363636363635,53.05,2.074,0.528,0.0,0.0,0.0,0,0.0
2,1.6559,6.606269836425781,2.0046082949308755e-05,868,1.9951000213623047,0.4581,0.22,0.3968,0.3973,0.8994,0.8919,0.8955,0.4032,35.127272727272725,36.5184,3.012,0.767,0.0,0.0,0.0,0,0.0
3,1.2943,6.970376014709473,1.5046082949308758e-05,1302,2.0580973625183105,0.4592,0.2156,0.3932,0.3942,0.8995,0.8924,0.8958,0.4071,35.236363636363635,36.5467,3.01,0.766,0.0,0.0,0.0,0,0.0
4,1.0197,8.90444564819336,1.0046082949308756e-05,1736,2.1311659812927246,0.478,0.2304,0.409,0.4111,0.9003,0.8935,0.8967,0.4209,36.10909090909091,37.5387,2.93,0.746,0.0,0.0,0.0,0,0.0
5,0.8117,6.019014835357666,5.046082949308756e-06,2170,2.2531654834747314,0.4878,0.2376,0.4181,0.4194,0.9009,0.8945,0.8976,0.4293,35.263636363636365,37.0119,2.972,0.757,0.0,0.0,0.0,0,0.0
6,0.6733,6.836002349853516,4.608294930875576e-08,3906,2.349823474884033,0.4687,0.2167,0.3984,0.3997,0.8968,0.8932,0.8948,0.4183,37.627272727272725,39.5062,2.784,0.709,816.3566,6.372,1.595,3329634477563904,1.3025086105510753
