epoch,loss,grad_norm,learning_rate,step,eval_loss,eval_rouge/rouge1,eval_rouge/rouge2,eval_rouge/rougeL,eval_rouge/rougeLsum,eval_bertscore/bertscore-precision,eval_bertscore/bertscore-recall,eval_bertscore/bertscore-f1,eval_meteor,eval_gen_len,eval_runtime,eval_samples_per_second,eval_steps_per_second,train_runtime,train_samples_per_second,train_steps_per_second,total_flos,train_loss
1,0.955,20.804595947265625,0.00025057603686635943,868,5.774043560028076,0.2485,0.0542,0.1867,0.1867,0.8491,0.8557,0.8523,0.2552,54,53.999,2.037,1.019,0.0,0.0,0.0,0,0.0
2,0.8434,10.532309532165527,0.0002005760368663594,1736,5.6926703453063965,0.2599,0.0592,0.202,0.2017,0.8553,0.8626,0.8589,0.2583,46,50.4524,2.18,1.09,0.0,0.0,0.0,0,0.0
3,0.5948,9.091609954833984,0.00015057603686635944,2604,5.890734672546387,0.2473,0.0528,0.1834,0.1833,0.8458,0.856,0.8508,0.2569,54,55.7135,1.974,0.987,0.0,0.0,0.0,0,0.0
4,0.4377,11.89553165435791,0.00010057603686635945,3472,6.5736470222473145,0.2591,0.0557,0.2009,0.2012,0.859,0.8605,0.8597,0.2511,48,48.7565,2.256,1.128,0.0,0.0,0.0,0,0.0
5,0.3416,4.398349285125732,5.0576036866359444e-05,4340,6.859653472900391,0.3035,0.072,0.2428,0.2429,0.8724,0.8571,0.8646,0.2108,29,34.7073,3.169,1.585,0.0,0.0,0.0,0,0.0
6,0.268,2.1698179244995117,5.76036866359447e-07,7812,7.1440839767456055,0.3035,0.072,0.2428,0.2429,0.8724,0.8571,0.8646,0.2108,29,46.6523,2.358,1.179,973.5409,5.343,2.675,2956438013300736,0.5734103623256889
