epoch,loss,grad_norm,learning_rate,step,eval_loss,eval_rouge/rouge1,eval_rouge/rouge2,eval_rouge/rougeL,eval_rouge/rougeLsum,eval_bertscore/bertscore-precision,eval_bertscore/bertscore-recall,eval_bertscore/bertscore-f1,eval_meteor,eval_gen_len,eval_runtime,eval_samples_per_second,eval_steps_per_second,train_runtime,train_samples_per_second,train_steps_per_second,total_flos,train_loss
1,2.3606,9.22477912902832,2.5046082949308755e-05,434,2.0792043209075928,0.44,0.2028,0.3696,0.3707,0.8966,0.8883,0.8923,0.3866,37.36363636363637,50.8877,2.162,0.55,0.0,0.0,0.0,0,0.0
2,1.6544,6.757126808166504,2.0046082949308755e-05,868,1.9951820373535156,0.4521,0.2171,0.3902,0.3909,0.8991,0.8912,0.895,0.4007,34.663636363636364,35.9931,3.056,0.778,0.0,0.0,0.0,0,0.0
3,1.2907,7.184731960296631,1.5046082949308758e-05,1302,2.061387300491333,0.4661,0.2212,0.399,0.4008,0.9006,0.8929,0.8966,0.4128,35.263636363636365,36.4885,3.015,0.767,0.0,0.0,0.0,0,0.0
4,1.0179,8.732924461364746,1.0046082949308756e-05,1736,2.139554500579834,0.479,0.2295,0.4121,0.4137,0.9024,0.8933,0.8977,0.4142,34.71818181818182,37.0766,2.967,0.755,0.0,0.0,0.0,0,0.0
5,0.8112,6.225586891174316,5.046082949308756e-06,2170,2.2657833099365234,0.4737,0.2237,0.4046,0.405,0.8989,0.8931,0.8959,0.4126,35.42727272727273,37.5315,2.931,0.746,0.0,0.0,0.0,0,0.0
6,0.6745,7.181848049163818,4.608294930875576e-08,3906,2.3615329265594482,0.4759,0.2278,0.407,0.4084,0.898,0.8937,0.8957,0.4311,37.0,38.5435,2.854,0.726,846.7512,6.143,1.538,3329634477563904,1.3015609483381936
