epoch,loss,grad_norm,learning_rate,step,eval_loss,eval_rouge/rouge1,eval_rouge/rouge2,eval_rouge/rougeL,eval_rouge/rougeLsum,eval_bertscore/bertscore-precision,eval_bertscore/bertscore-recall,eval_bertscore/bertscore-f1,eval_meteor,eval_gen_len,eval_runtime,eval_samples_per_second,eval_steps_per_second,train_runtime,train_samples_per_second,train_steps_per_second,total_flos,train_loss
1,2.4741,9.081133842468262,0.00025069124423963133,868,4.026882171630859,0.2771,0.0691,0.2057,0.2053,0.8702,0.8596,0.8648,0.233,39.0,56.1423,1.959,0.98,0.0,0.0,0.0,0,0.0
2,3.0848,10.353864669799805,0.00020069124423963133,1736,3.9978365898132324,0.2554,0.0651,0.2183,0.2183,0.8646,0.8589,0.8617,0.2022,29.136363636363637,35.6612,3.085,1.542,0.0,0.0,0.0,0,0.0
3,1.9491,10.381851196289062,0.00015069124423963134,2604,4.4524335861206055,0.2722,0.0714,0.2029,0.2031,0.8612,0.8618,0.8615,0.2582,47.0,46.9295,2.344,1.172,0.0,0.0,0.0,0,0.0
4,1.0603,11.688067436218262,0.00010069124423963133,3472,5.4022297859191895,0.2465,0.0593,0.2071,0.2071,0.8464,0.858,0.8521,0.2294,42.0,43.4304,2.533,1.266,0.0,0.0,0.0,0,0.0
5,0.5921,5.234156131744385,5.0691244239631334e-05,4340,6.1145920753479,0.3035,0.072,0.2428,0.2429,0.8724,0.8571,0.8646,0.2108,29.0,33.1243,3.321,1.66,0.0,0.0,0.0,0,0.0
6,0.3762,3.9558475017547607,6.912442396313363e-07,7812,6.856692314147949,0.3035,0.072,0.2428,0.2429,0.8724,0.8571,0.8646,0.2108,29.0,37.3693,2.944,1.472,970.7166,5.359,2.683,2956438013300736,1.5894455038091189
