epoch,loss,grad_norm,learning_rate,step,eval_loss,eval_rouge/rouge1,eval_rouge/rouge2,eval_rouge/rougeL,eval_rouge/rougeLsum,eval_bertscore/bertscore-precision,eval_bertscore/bertscore-recall,eval_bertscore/bertscore-f1,eval_meteor,eval_gen_len,eval_runtime,eval_samples_per_second,eval_steps_per_second,train_runtime,train_samples_per_second,train_steps_per_second,total_flos,train_loss
1,0.2815,5.650296211242676,2.5e-06,218,6.6245198249816895,0.323,0.081,0.2516,0.2521,0.8764,0.8641,0.8702,0.2583,36,33.3184,3.301,0.42,0.0,0.0,0.0,0,0.0
2,0.3942,5.949742794036865,2.004587155963303e-06,436,6.689040184020996,0.2515,0.0697,0.2094,0.21,0.8374,0.8631,0.85,0.2474,48,32.9058,3.343,0.425,0.0,0.0,0.0,0,0.0
3,0.3862,inf,1.5091743119266055e-06,654,6.669156551361084,0.3111,0.0793,0.2212,0.2213,0.8659,0.864,0.8649,0.228,36,27.316,4.027,0.513,0.0,0.0,0.0,0,0.0
4,0.3708,5.155618667602539,1.0091743119266054e-06,872,6.662379264831543,0.2439,0.0504,0.2065,0.2067,0.8544,0.8581,0.8562,0.229,45,33.5146,3.282,0.418,0.0,0.0,0.0,0,0.0
5,0.3679,5.30064058303833,5.091743119266056e-07,1090,6.679515361785889,0.3111,0.0793,0.2212,0.2213,0.8659,0.864,0.8649,0.228,36,32.126,3.424,0.436,0.0,0.0,0.0,0,0.0
6,0.3629,5.12259578704834,9.174311926605505e-09,1962,6.680860996246338,0.3111,0.0793,0.2212,0.2213,0.8659,0.864,0.8649,0.228,36,31.4188,3.501,0.446,763.4672,6.814,0.857,3645239240122368,0.3605694377094234
