epoch,loss,grad_norm,learning_rate,step,eval_loss,eval_rouge/rouge1,eval_rouge/rouge2,eval_rouge/rougeL,eval_rouge/rougeLsum,eval_bertscore/bertscore-precision,eval_bertscore/bertscore-recall,eval_bertscore/bertscore-f1,eval_meteor,eval_gen_len,eval_runtime,eval_samples_per_second,eval_steps_per_second,train_runtime,train_samples_per_second,train_steps_per_second,total_flos,train_loss
1,0.5854,6.389590263366699,2.5046082949308756e-06,434,5.793724060058594,0.2578,0.0526,0.1861,0.1862,0.8466,0.8559,0.8512,0.265,55,43.0829,2.553,0.65,0.0,0.0,0.0,0,0.0
2,0.5363,6.056448936462402,2.0069124423963134e-06,868,5.947268962860107,0.2723,0.0677,0.226,0.2265,0.8613,0.855,0.8581,0.2229,30,36.6409,3.002,0.764,0.0,0.0,0.0,0,0.0
3,0.4911,4.526481628417969,1.5069124423963135e-06,1302,6.040256023406982,0.3064,0.0749,0.2182,0.2185,0.865,0.8652,0.8651,0.2255,37,31.0188,3.546,0.903,0.0,0.0,0.0,0,0.0
4,0.4651,4.6476030349731445,1.0069124423963135e-06,1736,6.104637145996094,0.3064,0.0749,0.2182,0.2185,0.865,0.8652,0.8651,0.2255,37,31.0297,3.545,0.902,0.0,0.0,0.0,0,0.0
5,0.4476,5.579037189483643,5.069124423963134e-07,2170,6.165938377380371,0.3111,0.0793,0.2212,0.2213,0.8659,0.864,0.8649,0.228,36,32.2325,3.413,0.869,0.0,0.0,0.0,0,0.0
6,0.4415,4.517178058624268,6.912442396313364e-09,3906,6.178805828094482,0.3111,0.0793,0.2212,0.2213,0.8659,0.864,0.8649,0.228,36,32.6429,3.37,0.858,823.8828,6.314,1.58,3329634477563904,0.4945061679259973
