epoch,loss,grad_norm,learning_rate,step,eval_loss,eval_rouge/rouge1,eval_rouge/rouge2,eval_rouge/rougeL,eval_rouge/rougeLsum,eval_bertscore/bertscore-precision,eval_bertscore/bertscore-recall,eval_bertscore/bertscore-f1,eval_meteor,eval_gen_len,eval_runtime,eval_samples_per_second,eval_steps_per_second,train_runtime,train_samples_per_second,train_steps_per_second,total_flos,train_loss
1,2.1071,inf,0.00025069124423963133,434,2.5495738983154297,0.4238,0.1753,0.3521,0.3541,0.8943,0.8836,0.8888,0.3359,32.1,33.428,3.291,0.838,0.0,0.0,0.0,0,0.0
2,1.5392,8.061071395874023,0.0002009216589861751,868,2.5866551399230957,0.4296,0.1807,0.3556,0.3551,0.8921,0.886,0.8889,0.3598,35.09090909090909,37.2805,2.951,0.751,0.0,0.0,0.0,0,0.0
3,1.0328,7.549066066741943,0.00015092165898617508,1302,2.695199966430664,0.4096,0.1667,0.3444,0.3453,0.8919,0.8826,0.8871,0.3519,33.88181818181818,37.6763,2.92,0.743,0.0,0.0,0.0,0,0.0
4,0.62,6.590723037719727,0.00010092165898617511,1736,2.9126040935516357,0.4104,0.16,0.3478,0.3487,0.8904,0.8815,0.8858,0.3524,33.42727272727273,35.68,3.083,0.785,0.0,0.0,0.0,0,0.0
5,0.3251,2.6353700160980225,5.0921658986175106e-05,2170,3.324976682662964,0.43,0.1771,0.3591,0.3598,0.8935,0.8861,0.8896,0.3744,34.96363636363636,37.4413,2.938,0.748,0.0,0.0,0.0,0,0.0
6,0.1503,2.0180256366729736,9.216589861751152e-07,3906,3.854074478149414,0.4315,0.1861,0.3638,0.3654,0.8936,0.8875,0.8904,0.3814,35.42727272727273,37.3465,2.945,0.75,825.3397,6.303,1.578,3329634477563904,0.9624029180055024
