epoch,loss,grad_norm,learning_rate,step,eval_loss,eval_rouge/rouge1,eval_rouge/rouge2,eval_rouge/rougeL,eval_rouge/rougeLsum,eval_bertscore/bertscore-precision,eval_bertscore/bertscore-recall,eval_bertscore/bertscore-f1,eval_meteor,eval_gen_len,eval_runtime,eval_samples_per_second,eval_steps_per_second,train_runtime,train_samples_per_second,train_steps_per_second,total_flos,train_loss
1,0.6107,12.221611976623535,2.5e-05,218,2.478362560272217,0.449,0.1974,0.3774,0.3776,0.8943,0.8904,0.8922,0.3981,36.91818181818182,35.6696,3.084,0.392,0.0,0.0,0.0,0,0.0
2,0.3993,5.486363410949707,2.004587155963303e-05,436,2.79840087890625,0.4656,0.2145,0.3954,0.3965,0.8975,0.8914,0.8943,0.408,35.13636363636363,35.1674,3.128,0.398,0.0,0.0,0.0,0,0.0
3,0.2779,5.77545166015625,1.5045871559633027e-05,654,3.0563175678253174,0.4669,0.2112,0.3981,0.3995,0.8961,0.8905,0.8931,0.4088,36.054545454545455,36.7601,2.992,0.381,0.0,0.0,0.0,0,0.0
4,0.2038,6.096419334411621,1.0045871559633027e-05,872,3.240968704223633,0.4639,0.2052,0.3895,0.3904,0.896,0.8949,0.8953,0.4109,37.9,36.4302,3.019,0.384,0.0,0.0,0.0,0,0.0
5,0.1606,4.157299518585205,5.045871559633028e-06,1090,3.326256275177002,0.4582,0.2063,0.391,0.392,0.8961,0.893,0.8944,0.4033,36.554545454545455,35.529,3.096,0.394,0.0,0.0,0.0,0,0.0
6,0.1282,2.609204053878784,4.587155963302752e-08,1962,3.395660638809204,0.4646,0.2089,0.3939,0.3945,0.8956,0.8935,0.8944,0.4132,37.5,36.9966,2.973,0.378,807.255,6.444,0.81,3645239240122368,0.2967492622702129
