epoch,loss,grad_norm,learning_rate,step,eval_loss,eval_rouge/rouge1,eval_rouge/rouge2,eval_rouge/rougeL,eval_rouge/rougeLsum,eval_bertscore/bertscore-precision,eval_bertscore/bertscore-recall,eval_bertscore/bertscore-f1,eval_meteor,eval_gen_len,eval_runtime,eval_samples_per_second,eval_steps_per_second,train_runtime,train_samples_per_second,train_steps_per_second,total_flos,train_loss
1,1.3455,8.869818687438965,0.00025045871559633025,218,4.890030860900879,0.3002,0.06,0.2217,0.2214,0.8741,0.8561,0.8649,0.2198,32,28.8282,3.816,0.486,0.0,0.0,0.0,0,0.0
2,0.7475,7.7710723876953125,0.00020045871559633028,436,5.617081642150879,0.2599,0.0592,0.202,0.2017,0.8553,0.8626,0.8589,0.2583,43,30.7428,3.578,0.455,0.0,0.0,0.0,0,0.0
3,0.5078,6.485409259796143,0.00015091743119266055,654,6.195126056671143,0.2722,0.0714,0.2029,0.2031,0.8612,0.8618,0.8615,0.2582,44,32.1922,3.417,0.435,0.0,0.0,0.0,0,0.0
4,0.3719,4.277251243591309,0.00010091743119266054,872,6.6789960861206055,0.3035,0.072,0.2428,0.2429,0.8724,0.8571,0.8646,0.2108,29,26.1822,4.201,0.535,0.0,0.0,0.0,0,0.0
5,0.3026,2.540648937225342,5.091743119266055e-05,1090,7.0205159187316895,0.3101,0.0691,0.2302,0.2302,0.8569,0.8665,0.8616,0.2291,43,32.7187,3.362,0.428,0.0,0.0,0.0,0,0.0
6,0.2546,2.298333168029785,9.174311926605503e-07,1962,7.2543463706970215,0.3097,0.0856,0.2463,0.2464,0.8589,0.8656,0.8622,0.2246,36,35.6563,3.085,0.393,758.0637,6.862,0.863,3645239240122368,0.5883201896597486
