epoch,loss,grad_norm,learning_rate,step,eval_loss,eval_rouge/rouge1,eval_rouge/rouge2,eval_rouge/rougeL,eval_rouge/rougeLsum,eval_bertscore/bertscore-precision,eval_bertscore/bertscore-recall,eval_bertscore/bertscore-f1,eval_meteor,eval_gen_len,eval_runtime,eval_samples_per_second,eval_steps_per_second,train_runtime,train_samples_per_second,train_steps_per_second,total_flos,train_loss
1,1.1204,13.83238410949707,2.502304147465438e-05,868,2.2198994159698486,0.4542,0.2173,0.3843,0.3855,0.8945,0.8893,0.8917,0.4072,37.22727272727273,48.7837,2.255,1.127,0.0,0.0,0.0,0,0.0
2,0.8222,11.868897438049316,2.0023041474654377e-05,1736,2.35490083694458,0.4613,0.2095,0.3935,0.3957,0.8994,0.8929,0.896,0.4089,36.88181818181818,46.7164,2.355,1.177,0.0,0.0,0.0,0,0.0
3,0.565,14.675616264343262,1.5023041474654379e-05,2604,2.665165662765503,0.4686,0.2079,0.3905,0.3911,0.8943,0.8941,0.894,0.4207,39.663636363636364,50.8292,2.164,1.082,0.0,0.0,0.0,0,0.0
4,0.379,9.091755867004395,1.0023041474654378e-05,3472,2.923900842666626,0.4614,0.2076,0.3937,0.3951,0.8962,0.8898,0.8928,0.401,34.85454545454545,45.5283,2.416,1.208,0.0,0.0,0.0,0,0.0
5,0.2543,8.844532012939453,5.023041474654378e-06,4340,3.1848673820495605,0.4629,0.2086,0.3988,0.3998,0.8958,0.8914,0.8935,0.4076,36.10909090909091,46.1115,2.386,1.193,0.0,0.0,0.0,0,0.0
6,0.1761,3.24407958984375,2.304147465437788e-08,7812,3.34858775138855,0.4705,0.2108,0.3877,0.3894,0.8936,0.8936,0.8934,0.4277,38.40909090909091,49.3353,2.23,1.115,1001.5848,5.194,2.6,2956438013300736,0.55284179007769
