epoch,loss,grad_norm,learning_rate,step,eval_loss,eval_rouge/rouge1,eval_rouge/rouge2,eval_rouge/rougeL,eval_rouge/rougeLsum,eval_bertscore/bertscore-precision,eval_bertscore/bertscore-recall,eval_bertscore/bertscore-f1,eval_meteor,eval_gen_len,eval_runtime,eval_samples_per_second,eval_steps_per_second,train_runtime,train_samples_per_second,train_steps_per_second,total_flos,train_loss
1,0.3628,7.541820526123047,2.5034562211981567e-06,868,6.231353282928467,0.2519,0.0551,0.191,0.191,0.8502,0.8569,0.8535,0.2501,50.8,55.3928,1.986,0.993,0.0,0.0,0.0,0,0.0
2,0.3799,9.314807891845703,2.003456221198157e-06,1736,6.449799060821533,0.3111,0.0793,0.2212,0.2213,0.8659,0.864,0.8649,0.228,36.0,39.159,2.809,1.405,0.0,0.0,0.0,0,0.0
3,0.4173,4.991556644439697,1.5034562211981566e-06,2604,6.455256938934326,0.3111,0.0793,0.2212,0.2213,0.8659,0.864,0.8649,0.228,36.0,39.7273,2.769,1.384,0.0,0.0,0.0,0,0.0
4,0.3921,5.79042387008667,1.0034562211981567e-06,3472,6.528256893157959,0.3111,0.0793,0.2212,0.2213,0.8659,0.864,0.8649,0.228,36.0,39.7656,2.766,1.383,0.0,0.0,0.0,0,0.0
5,0.3833,6.48784065246582,5.034562211981567e-07,4340,6.558248043060303,0.3111,0.0793,0.2212,0.2213,0.8659,0.864,0.8649,0.228,36.0,40.4787,2.717,1.359,0.0,0.0,0.0,0,0.0
6,0.378,6.180161476135254,4.608294930875576e-09,7812,6.572187900543213,0.3111,0.0793,0.2212,0.2213,0.8659,0.864,0.8649,0.228,36.0,40.9048,2.689,1.345,966.2611,5.384,2.695,2956438013300736,0.3855770656040737
